ID	Group
AH0325_v1_c2	G1
AH0325_v1_c3	G1
AH0325_v1_c4	G1
AH0325_v1_c5	G2
AH0325_v1_c6	G3
AH0325_v1_c7	G909
AH0326_v1_c2	G1
AH0326_v1_c3	G1
AH0326_v1_c4	G1
AH0326_v1_c5	G4
AH0326_v1_c6	G5
AH0326_v1_c7	G6
AH0327_v1_c2	G1
AH0327_v1_c3	G1
AH0327_v1_c4	G1
AH0327_v1_c5	G7
AH0327_v1_c6	G8
AH0327_v1_c7	G9
AH0328_v1_c2	G1
AH0328_v1_c3	G10
AH0328_v1_c4	G11
AH0329_v1_c2	G1
AH0329_v1_c3	G1
AH0329_v1_c4	G12
AH0330_v1_c2	G1
AH0330_v1_c3	G1
AH0330_v1_c4	G1
AH0330_v1_c5	G13
AH0330_v1_c6	G14
AH0331_v1_c2	G1
AH0331_v1_c3	G1
AH0331_v1_c4	G15
AI2583_v1_c2	G1
AI2583_v1_c3	G1
AI2584_v1_c2	G1
AI2584_v1_c3	G1
AI2584_v1_c4	G16
AI2585_v1_c2	G1
AI2585_v1_c3	G1
AI2585_v1_c4	G17
AI2585_v1_c5	G18
AI2585_v1_c6	G19
AI2586_v1_c2	G1
AI2586_v1_c3	G1
AI2587_v1_c2	G1
AI2587_v1_c3	G1
AI2588_v1_c2	G1
AI2588_v1_c3	G1
AI2588_v1_c4	G1
AI2589_v1_c2	G1
AI2590_v1_c2	G1
AI2590_v1_c3	G1
AI2591_v1_c2	G1
AI2591_v1_c3	G1
AI2591_v1_c4	G1
AI2592_v1_c2	G1
AI2592_v1_c3	G1
AI2592_v1_c4	G20
AI2592_v1_c5	G21
AI2593_v1_c2	G1
AI2593_v1_c3	G1
AI2593_v1_c4	G22
AI2594_v1_c2	G1
AI2594_v1_c3	G1
AI2594_v1_c4	G1
AI2594_v1_c5	G1
AI2594_v1_c6	G15
AI2594_v1_c7	G24
AI2595_v1_c2	G1
AI2595_v1_c3	G28
AI2595_v1_c4	G1
AI2596_v1_c2	G1
AI2596_v1_c3	G1
AI2597_v5_c2	G1
AI2597_v5_c3	G1
AI2597_v5_c4	G1
AI2598_v1_c2	G1
AI2598_v1_c3	G25
AI2599_v1_c2	G1
AI2599_v1_c3	G1
AI2599_v1_c4	G26
AI2599_v1_c5	G27
AI2600_v1_c2	G1
AI2600_v1_c3	G28
AI2600_v1_c4	G1
AI2601_v1_c2	G1
AI2601_v1_c3	G1
AI2601_v1_c4	G1
AI2602_v1_c2	G1
AI2602_v1_c3	G1
AI2603_v1_c2	G1
AI2603_v1_c3	G1
AI2604_v1_c2	G1
AI2604_v1_c3	G1
AI2605_v1_c2	G1
AI2606_v1_c3	G1
AI2606_v1_c4	G1
AI2606_v1_c5	G30
AI2606_v1_c6	G31
AI2607_v1_c2	G1
AI2607_v1_c3	G1
AI2607_v1_c4	G32
AI2607_v1_c5	G33
AI2608_v2_c2	G1
AI2608_v2_c3	G15
AI2608_v2_c4	G34
AI2608_v2_c5	G35
AI2609_v1_c2	G1
AI2610_v1_c2	G1
AI2610_v1_c3	G1
AI2612_v1_c2	G1
AI2612_v1_c3	G1
AI2612_v1_c4	G1
AI2612_v1_c5	G1
AI2612_v1_c6	G36
AI2612_v1_c7	G37
AI2613_v1_c2	G1
AI2613_v1_c3	G1
AI2613_v1_c4	G38
AI2614_v1_c2	G1
AI2614_v1_c3	G1
AI2614_v1_c4	G1
AI2614_v1_c5	G1063
AI2614_v1_c6	G912
AI2615_v1_c2	G28
AI2615_v1_c3	G1
AI2615_v1_c4	G39
AI2615_v1_c5	G40
AI2615_v1_c6	G41
AI2616_v1_c2	G1
AI2616_v1_c3	G42
AI2616_v1_c4	G43
AI2617_v1_c2	G1
AI2617_v1_c3	G1
AI2617_v1_c4	G987
AI2617_v1_c5	G44
AI2617_v1_c6	G45
AI2618_v1_c2	G1
AI2618_v1_c3	G46
AI2618_v1_c4	G987
AI2618_v1_c5	G47
AI2618_v1_c6	G48
AI2618_v1_c7	G49
AI2619_v1_c2	G28
AI2619_v1_c3	G1
AI2619_v1_c4	G50
AI2619_v1_c5	G51
AI2619_v1_c6	G52
AI2620_v1_c2	G28
AI2620_v1_c3	G1
AI2620_v1_c4	G1
AI2620_v1_c5	G1
AI2620_v1_c6	G53
AI2621_v1_c2	G1
AI2621_v1_c3	G1
AI2621_v1_c4	G1
AI2621_v1_c5	G1042
AI2621_v1_c6	G54
AI2621_v1_c7	G55
AI2622_v1_c2	G1
AI2622_v1_c3	G1
AI2622_v1_c4	G1
AI2623_v1_c2	G1
AI2623_v1_c3	G1
AI2623_v1_c4	G978
AI2623_v1_c5	G998
AI2623_v1_c6	G56
AI2623_v1_c7	G910
AI2624_v1_c2	G1
AI2624_v1_c3	G1
AI2626_v1_c2	G1
AI2626_v1_c3	G1
AI2627_v1_c2	G1
AI2627_v1_c3	G1
AI2627_v1_c4	G57
AI2627_v1_c5	G58
AI2627_v1_c6	G59
AI2627_v1_c7	G60
AI2627_v1_c8	G61
AI2627_v1_c9	G62
AI2628_v1_c2	G1
AI2628_v1_c3	G1
AI2629_v1_c2	G1
AI2629_v1_c3	G1
AI2630_v1_c2	G1
AI2630_v1_c3	G1
AI2631_v5_c2	G1
AI2631_v5_c3	G1
AI2632_v1_c2	G1
AI2632_v1_c3	G1
AI2633_v1_c2	G1
AI2633_v1_c3	G1
AI2633_v1_c4	G1
AI2633_v1_c5	G1
AI2634_v1_c2	G1
AI2634_v1_c3	G1
AI2634_v1_c4	G1
AI2635_v1_c2	G1
AI2635_v1_c3	G1
AI2635_v1_c4	G1
AI2635_v1_c5	G63
AI2635_v1_c6	G64
AI2635_v1_c7	G911
AI2636_v1_c10	G65
AI2636_v1_c2	G1
AI2636_v1_c3	G1
AI2636_v1_c4	G1
AI2636_v1_c5	G1
AI2636_v1_c6	G66
AI2636_v1_c7	G67
AI2636_v1_c8	G68
AI2636_v1_c9	G69
AI2637_v1_c2	G1
AI2637_v1_c3	G1
AI2637_v1_c4	G15
AI2638_v1_c2	G1
AI2638_v1_c3	G1
AI2638_v1_c4	G1
AI2638_v1_c5	G70
AI2639_v1_c2	G1
AI2639_v1_c3	G1
AI2639_v1_c4	G71
AI2639_v1_c5	G72
AI2639_v1_c6	G73
AI2640_v1_c2	G1
AI2640_v1_c3	G1
AI2640_v1_c4	G1
AI2640_v1_c5	G74
AI2641_v1_c2	G1
AI2641_v1_c3	G1
AI2641_v1_c4	G1
AI2641_v1_c5	G75
AI2642_v1_c2	G1
AI2642_v1_c3	G1
AI2642_v1_c4	G1
AI2643_v1_c2	G1
AI2643_v1_c3	G76
AI2643_v1_c4	G77
AI2643_v1_c5	G78
AI2643_v1_c6	G79
AI2644_v1_c2	G1
AI2644_v1_c3	G1
AI2644_v1_c4	G80
AI2644_v1_c5	G81
AI2644_v1_c6	G82
AI2644_v1_c7	G83
AI2645_v1_c1	G566
AI2645_v1_c10	G1065
AI2645_v1_c100	G84
AI2645_v1_c101	G85
AI2645_v1_c102	G86
AI2645_v1_c103	G87
AI2645_v1_c104	G88
AI2645_v1_c105	G89
AI2645_v1_c106	G90
AI2645_v1_c107	G91
AI2645_v1_c108	G92
AI2645_v1_c109	G93
AI2645_v1_c11	G1047
AI2645_v1_c110	G94
AI2645_v1_c111	G913
AI2645_v1_c112	G979
AI2645_v1_c113	G95
AI2645_v1_c114	G96
AI2645_v1_c115	G97
AI2645_v1_c116	G98
AI2645_v1_c117	G99
AI2645_v1_c118	G100
AI2645_v1_c119	G101
AI2645_v1_c12	G1
AI2645_v1_c120	G102
AI2645_v1_c121	G103
AI2645_v1_c122	G104
AI2645_v1_c123	G105
AI2645_v1_c124	G981
AI2645_v1_c125	G1057
AI2645_v1_c126	G106
AI2645_v1_c127	G107
AI2645_v1_c128	G108
AI2645_v1_c129	G109
AI2645_v1_c13	G185
AI2645_v1_c130	G110
AI2645_v1_c131	G111
AI2645_v1_c132	G914
AI2645_v1_c133	G112
AI2645_v1_c134	G113
AI2645_v1_c135	G114
AI2645_v1_c136	G115
AI2645_v1_c137	G116
AI2645_v1_c138	G117
AI2645_v1_c139	G118
AI2645_v1_c14	G982
AI2645_v1_c140	G119
AI2645_v1_c141	G120
AI2645_v1_c142	G121
AI2645_v1_c143	G122
AI2645_v1_c144	G123
AI2645_v1_c145	G124
AI2645_v1_c146	G125
AI2645_v1_c147	G980
AI2645_v1_c148	G126
AI2645_v1_c149	G127
AI2645_v1_c15	G878
AI2645_v1_c150	G1077
AI2645_v1_c151	G995
AI2645_v1_c152	G128
AI2645_v1_c153	G1089
AI2645_v1_c154	G915
AI2645_v1_c155	G129
AI2645_v1_c156	G130
AI2645_v1_c157	G131
AI2645_v1_c158	G132
AI2645_v1_c159	G133
AI2645_v1_c160	G134
AI2645_v1_c161	G135
AI2645_v1_c162	G136
AI2645_v1_c163	G999
AI2645_v1_c164	G1032
AI2645_v1_c165	G137
AI2645_v1_c166	G138
AI2645_v1_c167	G139
AI2645_v1_c168	G140
AI2645_v1_c169	G141
AI2645_v1_c17	G1090
AI2645_v1_c170	G142
AI2645_v1_c171	G143
AI2645_v1_c172	G144
AI2645_v1_c173	G145
AI2645_v1_c174	G146
AI2645_v1_c175	G147
AI2645_v1_c176	G148
AI2645_v1_c177	G149
AI2645_v1_c178	G150
AI2645_v1_c179	G1033
AI2645_v1_c18	G1
AI2645_v1_c180	G151
AI2645_v1_c181	G152
AI2645_v1_c182	G153
AI2645_v1_c183	G1018
AI2645_v1_c184	G154
AI2645_v1_c185	G155
AI2645_v1_c186	G156
AI2645_v1_c187	G157
AI2645_v1_c189	G983
AI2645_v1_c19	G1
AI2645_v1_c190	G158
AI2645_v1_c191	G159
AI2645_v1_c192	G160
AI2645_v1_c193	G1072
AI2645_v1_c194	G161
AI2645_v1_c195	G162
AI2645_v1_c196	G163
AI2645_v1_c197	G1034
AI2645_v1_c198	G1049
AI2645_v1_c199	G164
AI2645_v1_c2	G1059
AI2645_v1_c20	G1078
AI2645_v1_c200	G165
AI2645_v1_c201	G166
AI2645_v1_c202	G1064
AI2645_v1_c203	G167
AI2645_v1_c204	G168
AI2645_v1_c205	G1001
AI2645_v1_c206	G1058
AI2645_v1_c207	G169
AI2645_v1_c208	G916
AI2645_v1_c209	G1002
AI2645_v1_c21	G185
AI2645_v1_c210	G917
AI2645_v1_c211	G1003
AI2645_v1_c212	G170
AI2645_v1_c213	G171
AI2645_v1_c214	G172
AI2645_v1_c215	G173
AI2645_v1_c216	G174
AI2645_v1_c217	G175
AI2645_v1_c218	G176
AI2645_v1_c219	G177
AI2645_v1_c22	G878
AI2645_v1_c220	G918
AI2645_v1_c221	G984
AI2645_v1_c222	G178
AI2645_v1_c223	G179
AI2645_v1_c224	G985
AI2645_v1_c225	G1050
AI2645_v1_c226	G180
AI2645_v1_c23	G956
AI2645_v1_c230	G1062
AI2645_v1_c231	G1066
AI2645_v1_c232	G181
AI2645_v1_c233	G919
AI2645_v1_c234	G182
AI2645_v1_c235	G183
AI2645_v1_c24	G920
AI2645_v1_c244	G1092
AI2645_v1_c25	G184
AI2645_v1_c26	G1
AI2645_v1_c28	G1036
AI2645_v1_c29	G951
AI2645_v1_c3	G1091
AI2645_v1_c30	G1073
AI2645_v1_c31	G1
AI2645_v1_c32	G1
AI2645_v1_c33	G185
AI2645_v1_c34	G1100
AI2645_v1_c35	G1
AI2645_v1_c36	G1
AI2645_v1_c37	G1
AI2645_v1_c38	G988
AI2645_v1_c39	G186
AI2645_v1_c4	G1037
AI2645_v1_c40	G940
AI2645_v1_c41	G187
AI2645_v1_c42	G188
AI2645_v1_c43	G189
AI2645_v1_c44	G190
AI2645_v1_c45	G191
AI2645_v1_c46	G192
AI2645_v1_c47	G193
AI2645_v1_c48	G194
AI2645_v1_c49	G195
AI2645_v1_c5	G972
AI2645_v1_c50	G196
AI2645_v1_c51	G197
AI2645_v1_c52	G198
AI2645_v1_c53	G199
AI2645_v1_c54	G200
AI2645_v1_c55	G201
AI2645_v1_c56	G202
AI2645_v1_c57	G203
AI2645_v1_c58	G204
AI2645_v1_c59	G205
AI2645_v1_c6	G865
AI2645_v1_c60	G986
AI2645_v1_c61	G206
AI2645_v1_c62	G207
AI2645_v1_c63	G208
AI2645_v1_c64	G209
AI2645_v1_c65	G210
AI2645_v1_c66	G211
AI2645_v1_c67	G212
AI2645_v1_c68	G213
AI2645_v1_c69	G214
AI2645_v1_c7	G878
AI2645_v1_c70	G215
AI2645_v1_c71	G216
AI2645_v1_c72	G217
AI2645_v1_c73	G218
AI2645_v1_c74	G219
AI2645_v1_c75	G220
AI2645_v1_c76	G221
AI2645_v1_c77	G222
AI2645_v1_c78	G223
AI2645_v1_c79	G224
AI2645_v1_c8	G1
AI2645_v1_c80	G225
AI2645_v1_c81	G226
AI2645_v1_c82	G227
AI2645_v1_c83	G228
AI2645_v1_c84	G229
AI2645_v1_c85	G230
AI2645_v1_c86	G231
AI2645_v1_c87	G232
AI2645_v1_c88	G233
AI2645_v1_c89	G234
AI2645_v1_c9	G972
AI2645_v1_c90	G235
AI2645_v1_c91	G236
AI2645_v1_c92	G237
AI2645_v1_c93	G238
AI2645_v1_c94	G239
AI2645_v1_c95	G240
AI2645_v1_c96	G241
AI2645_v1_c97	G242
AI2645_v1_c98	G243
AI2645_v1_c99	G921
AI2646_v1_c2	G1
AI2646_v1_c3	G1
AI2646_v1_c4	G244
AI2646_v1_c5	G245
AI2646_v1_c6	G246
AI2646_v1_c7	G247
AI2647_v1_c2	G1
AI2647_v1_c3	G1
AI2647_v1_c4	G248
AI2647_v1_c5	G249
AI2647_v1_c6	G250
AI2647_v1_c7	G251
AI2648_v1_c2	G1
AI2648_v1_c3	G1
AI2648_v1_c4	G252
AI2648_v1_c5	G253
AI2648_v1_c6	G254
AI2648_v1_c7	G255
AI2649_v1_c2	G1
AI2650_v1_c2	G1
AI2650_v1_c3	G1
AI2650_v1_c4	G256
AI2650_v1_c5	G257
AI2650_v1_c6	G258
AI2650_v1_c7	G259
AI2651_v1_c2	G1
AI2651_v1_c3	G1
AI2651_v1_c4	G1
AI2651_v1_c5	G260
AI2651_v1_c7	G261
AI2651_v1_c8	G262
AI2652_v1_c2	G1
AI2652_v1_c3	G1
AI2652_v1_c4	G263
AI2652_v1_c5	G264
AI2652_v1_c6	G265
AI2652_v1_c7	G266
AI2653_v1_c2	G1
AI2653_v1_c3	G1
AI2653_v1_c4	G267
AI2653_v1_c5	G268
AI2653_v1_c6	G269
AI2653_v1_c7	G270
AI2654_v1_c2	G1
AI2654_v1_c3	G271
AI2654_v1_c4	G272
AI2654_v1_c5	G273
AI2654_v1_c6	G274
AI2655_v1_c2	G1
AI2655_v1_c3	G1
AI2655_v1_c4	G275
AI2655_v1_c5	G276
AI2655_v1_c6	G277
AI2655_v1_c7	G278
AI2656_v1_c2	G1
AI2656_v1_c3	G1
AI2656_v1_c4	G279
AI2656_v1_c5	G280
AI2657_v1_c2	G1
AI2657_v1_c3	G1
AI2657_v1_c4	G281
AI2658_v1_c2	G1
AI2658_v1_c3	G1
AI2658_v1_c4	G282
AI2658_v1_c5	G283
AI2659_v1_c2	G1
AI2659_v1_c3	G28
AI2659_v1_c4	G1
AI2659_v1_c5	G284
AI2660_v1_c2	G1
AI2660_v1_c3	G1
AI2660_v1_c4	G1000
AI2660_v1_c5	G1004
AI2661_v1_c2	G1
AI2661_v1_c3	G1
AI2661_v1_c4	G1
AI2661_v1_c5	G285
AI2662_v1_c2	G1
AI2662_v1_c3	G1
AI2662_v1_c4	G922
AI2662_v1_c5	G286
AI2662_v1_c6	G287
AI2662_v1_c7	G288
AI2664_v1_c2	G1
AI2664_v1_c3	G1
AI2664_v1_c4	G289
AI2665_v1_c2	G1
AI2665_v1_c3	G1
AI2665_v1_c4	G1
AI2665_v1_c5	G290
AI2665_v1_c6	G291
AI2666_v1_c2	G1
AI2666_v1_c3	G28
AI2666_v1_c4	G1
AI2666_v1_c5	G1
AI2666_v1_c6	G1093
AI2667_v1_c2	G1
AI2667_v1_c3	G1
AI2667_v1_c4	G292
AI2668_v1_c2	G1
AI2668_v1_c3	G1
AI2668_v1_c4	G28
AI2668_v1_c5	G1
AI2668_v1_c6	G293
AI2668_v1_c7	G1094
AI2669_v1_c2	G1
AI2669_v1_c3	G1
AI2669_v1_c4	G1
AI2669_v1_c5	G294
AI2669_v1_c6	G295
AI2670_v1_c2	G1
AI2670_v1_c3	G1
AI2670_v1_c4	G1
AI2670_v1_c5	G923
AI2671_v1_c2	G1
AI2671_v1_c3	G1
AI2671_v1_c4	G296
AI2672_v1_c2	G1
AI2672_v1_c3	G1
AI2672_v1_c4	G297
AI2672_v1_c5	G298
AI2673_v1_c2	G1
AI2673_v1_c3	G1
AI2673_v1_c4	G299
AI2673_v1_c5	G300
AI2674_v1_c2	G1
AI2674_v1_c3	G1
AI2674_v1_c4	G1
AI2674_v1_c5	G301
AI2675_v1_c2	G1
AI2675_v1_c3	G1
AI2675_v1_c4	G1
AI2675_v1_c5	G302
AI2675_v1_c6	G303
AI2676_v1_c2	G1
AI2676_v1_c3	G1
AI2676_v1_c4	G1
AI2676_v1_c5	G304
AI2676_v1_c6	G305
AI2676_v1_c7	G306
AI2677_v1_c2	G1
AI2677_v1_c3	G1
AI2678_v1_c2	G1
AI2678_v1_c3	G1
AI2678_v1_c4	G307
AI2679_v1_c2	G1
AI2679_v1_c3	G1
AI2679_v1_c4	G1
AI2679_v1_c5	G308
AI2680_v1_c2	G1
AI2680_v1_c3	G1
AI2680_v1_c4	G28
AI2680_v1_c5	G1
AI2680_v1_c6	G309
AI2680_v1_c7	G310
AI2680_v1_c8	G311
AI2680_v1_c9	G312
AI2681_v1_c2	G1
AI2681_v1_c3	G1
AI2681_v1_c4	G1
AI2681_v1_c5	G313
AI2681_v1_c6	G314
AI2681_v1_c7	G315
AI2682_v1_c2	G1
AI2682_v1_c3	G1
AI2682_v1_c4	G1
AI2682_v1_c5	G316
AI2682_v1_c6	G317
AI2683_v1_c2	G1
AI2683_v1_c3	G1
AI2683_v1_c4	G318
AI2683_v1_c5	G319
AI2686_v1_c2	G1
AI2686_v1_c3	G1
AI2686_v1_c4	G1
AI2686_v1_c5	G320
AI2686_v1_c6	G321
AI2687_v1_c2	G1
AI2687_v1_c3	G1
AI2687_v1_c4	G1
AI2687_v1_c5	G322
AI2687_v1_c6	G323
AI2687_v1_c7	G324
AI2688_v1_c2	G1
AI2688_v1_c3	G28
AI2688_v1_c4	G1
AI2688_v1_c5	G1
AI2688_v1_c6	G1060
AI2688_v1_c7	G325
AI2688_v1_c8	G326
AI2689_v1_c2	G1
AI2689_v1_c3	G1
AI2689_v1_c4	G1095
AI2689_v1_c5	G327
AI2689_v1_c6	G328
AI2689_v1_c7	G1061
AI2691_v1_c2	G1
AI2691_v1_c3	G1
AI2691_v1_c4	G329
AI2691_v1_c5	G330
AI2693_v1_c2	G1
AI2693_v1_c3	G1
AI2694_v1_c2	G1
AI2694_v1_c3	G1
AI2694_v1_c4	G1
AI2694_v1_c5	G1
AI2694_v1_c6	G331
AI2695_v1_c2	G28
AI2695_v1_c3	G1
AI2695_v1_c4	G1
AI2695_v1_c5	G332
AI2696_v1_c2	G1
AI2696_v1_c3	G1
AI2696_v1_c4	G333
AI2696_v1_c5	G334
AI2697_v1_c2	G1
AI2697_v1_c3	G335
AI2697_v1_c4	G336
AI2698_v1_c2	G1
AI2698_v1_c3	G15
AI2698_v1_c4	G337
AI2699_v1_c2	G1
AI2699_v1_c3	G1
AI2699_v1_c4	G338
AI2700_v1_c2	G1
AI2700_v1_c3	G1
AI2700_v1_c4	G1
AI2701_v1_c2	G1
AI2701_v1_c3	G1
AI2701_v1_c4	G1
AI2701_v1_c5	G339
AI2701_v1_c6	G340
AI2701_v1_c7	G341
AI2701_v1_c8	G342
AI2702_v1_c2	G1
AI2702_v1_c3	G1
AI2703_v1_c2	G1
AI2703_v1_c3	G28
AI2703_v1_c4	G1038
AI2703_v1_c5	G1
AI2704_v1_c2	G1
AI2704_v1_c3	G1038
AI2704_v1_c4	G1
AI2704_v1_c5	G343
AI2704_v1_c6	G344
AI2705_v1_c2	G1
AI2705_v1_c3	G1
AI2705_v1_c4	G345
AI2705_v1_c5	G346
AI2705_v1_c6	G347
AI2705_v1_c7	G348
AI2706_v1_c2	G1
AI2706_v1_c3	G1
AI2707_v1_c2	G1
AI2707_v1_c3	G1
AI2707_v1_c4	G1
AI2709_v1_c2	G1
AI2709_v1_c3	G1
AI2709_v1_c4	G349
AI2710_v1_c2	G1
AI2710_v1_c3	G1
AI2710_v1_c4	G350
AI2710_v1_c5	G351
AI2711_v1_c2	G1
AI2711_v1_c3	G1
AI2711_v1_c4	G352
AI2713_v1_c2	G1
AI2713_v1_c3	G1
AI2713_v1_c4	G1
AI2713_v1_c5	G353
AI2713_v1_c6	G354
AI2713_v1_c7	G355
AI2713_v1_c8	G356
AI2714_v1_c2	G1
AI2714_v1_c3	G1
AI2714_v1_c4	G1
AI2715_v1_c2	G1
AI2715_v1_c3	G1
AI2715_v1_c4	G1
AI2715_v1_c5	G357
AI2715_v1_c6	G358
AI2716_v1_c2	G1
AI2716_v1_c3	G1
AI2717_v1_c2	G1
AI2717_v1_c3	G1
AI2717_v1_c4	G1
AI2717_v1_c5	G1
AI2719_v1_c10	G359
AI2719_v1_c11	G924
AI2719_v1_c12	G360
AI2719_v1_c13	G361
AI2719_v1_c14	G362
AI2719_v1_c15	G925
AI2719_v1_c16	G363
AI2719_v1_c17	G364
AI2719_v1_c2	G1
AI2719_v1_c3	G1
AI2719_v1_c4	G185
AI2719_v1_c5	G1
AI2719_v1_c7	G1101
AI2719_v1_c8	G365
AI2719_v1_c9	G366
AI2721_v1_c2	G1
AI2721_v1_c3	G1
AI2721_v1_c4	G367
AI2721_v1_c5	G368
AI2721_v1_c6	G369
AI2722_v1_c2	G1
AI2722_v1_c3	G1
AI2723_v1_c2	G1
AI2723_v1_c3	G1
AI2739_v1_c2	G1
AI2739_v1_c3	G1
AI2739_v1_c4	G1
AI2740_v1_c2	G1
AI2740_v1_c3	G1
AI2740_v1_c4	G370
AI2740_v1_c5	G371
AI2741_v1_c2	G1
AI2741_v1_c3	G1
AI2741_v1_c4	G1
AI2742_v1_c2	G1
AI2742_v1_c3	G1
AI2742_v1_c4	G1
AI2743_v1_c2	G1
AI2743_v1_c3	G1
AI2743_v1_c4	G1
AI2744_v1_c2	G1
AI2744_v1_c3	G28
AI2744_v1_c4	G1048
AI2744_v1_c5	G372
AI2745_v1_c2	G1
AI2745_v1_c3	G1
AI2745_v1_c4	G1
AI2746_v1_c2	G1
AI2746_v1_c3	G1
AI2747_v1_c2	G1
AI2747_v1_c3	G1
AI2747_v1_c4	G1
AI2747_v1_c5	G373
AI2748_v1_c2	G1
AI2748_v1_c3	G1
AI2748_v1_c4	G1
AI2749_v1_c2	G1
AI2749_v1_c3	G1
AI2749_v1_c4	G1
AI2750_v1_c2	G1
AI2750_v1_c3	G1
AI2750_v1_c4	G374
AI2751_v1_c2	G1
AI2751_v1_c3	G1
AI2751_v1_c4	G1
AI2752_v1_c2	G1
AI2752_v1_c3	G1
AI2752_v1_c4	G1
AI2753_v1_c2	G1
AI2753_v1_c3	G1
AI2754_v5_c2	G1
AI2754_v5_c3	G1
AI2754_v5_c4	G1
AI2754_v5_c5	G375
AI2755_v2_c2	G1
AI2755_v2_c3	G1
AI2755_v2_c4	G1
AI2756_v1_c2	G1
AI2756_v1_c3	G1
AI2757_v1_c2	G1
AI2757_v1_c3	G1
AI2757_v1_c4	G1
AI2759_v1_c2	G1
AI2759_v1_c3	G1
AI2759_v1_c4	G376
AI2759_v1_c5	G377
AI2760_v1_c2	G1
AI2760_v1_c3	G1
AI2760_v1_c4	G1
AI2760_v1_c5	G373
AI2760_v1_c6	G378
AI2761_v1_c2	G1
AI2761_v1_c3	G1
AI2761_v1_c4	G1
AI2762_v1_c2	G1
AI2762_v1_c3	G379
AI2763_v1_c2	G1
AI2763_v1_c3	G15
AI2763_v1_c4	G1
AI2763_v1_c5	G1
AI2763_v1_c6	G380
AI2763_v1_c7	G381
AI2763_v1_c8	G382
AI2764_v1_c2	G1
AI2764_v1_c3	G15
AI2764_v1_c4	G1
AI2764_v1_c5	G1
AI2764_v1_c6	G383
AI2764_v1_c7	G384
AI2764_v1_c8	G385
AI2765_v1_c2	G1
AI2765_v1_c3	G1
AI2765_v1_c4	G1
AI2765_v1_c5	G15
AI2765_v1_c6	G386
AI2765_v1_c7	G387
AI2765_v1_c8	G388
AI2766_v1_c2	G1
AI2766_v1_c3	G1
AI2766_v1_c4	G1
AI2766_v1_c5	G15
AI2766_v1_c6	G389
AI2766_v1_c7	G390
AI2766_v1_c8	G391
AI2767_v1_c2	G1
AI2767_v1_c3	G1
AI2767_v1_c4	G1
AI2767_v1_c5	G15
AI2767_v1_c6	G392
AI2767_v1_c7	G393
AI2767_v1_c8	G394
AI2768_v1_c2	G1
AI2768_v1_c3	G1
AI2768_v1_c4	G1
AI2768_v1_c5	G15
AI2768_v1_c6	G395
AI2768_v1_c7	G396
AI2769_v1_c10	G397
AI2769_v1_c11	G398
AI2769_v1_c12	G399
AI2769_v1_c13	G400
AI2769_v1_c2	G1
AI2769_v1_c3	G1
AI2769_v1_c4	G15
AI2769_v1_c5	G1
AI2769_v1_c6	G401
AI2769_v1_c7	G402
AI2769_v1_c8	G403
AI2769_v1_c9	G404
AI2770_v1_c2	G1
AI2770_v1_c3	G1
AI2770_v1_c4	G15
AI2770_v1_c5	G405
AI2770_v1_c6	G941
AI2770_v1_c7	G926
AI2771_v2_c2	G1
AI2771_v2_c3	G1
AI2771_v2_c4	G15
AI2771_v2_c5	G406
AI2771_v2_c6	G407
AI2772_v1_c2	G1
AI2772_v1_c3	G1
AI2772_v1_c4	G408
AI2772_v1_c5	G409
AI2772_v1_c6	G410
AI2773_v2_c2	G1
AI2773_v2_c3	G15
AI2773_v2_c4	G411
AI2774_v1_c2	G28
AI2774_v1_c3	G1
AI2774_v1_c4	G1
AI2774_v1_c5	G412
AI2774_v1_c6	G413
AI2775_v1_c2	G1
AI2775_v1_c3	G1
AI2775_v1_c4	G1
AI2775_v1_c5	G15
AI2775_v1_c6	G414
AI2775_v1_c7	G415
AI2775_v1_c8	G1019
AI2776_v1_c2	G1
AI2776_v1_c3	G1
AI2776_v1_c4	G416
AI2776_v1_c5	G417
AI2776_v1_c6	G418
AI2777_v1_c2	G1
AI2777_v1_c3	G1
AI2777_v1_c4	G1
AI2777_v1_c5	G419
AI2777_v1_c6	G420
AI2778_v1_c2	G1
AI2778_v1_c3	G1
AI2778_v1_c4	G421
AI2778_v1_c5	G422
AI2778_v1_c6	G423
AI2779_v1_c2	G1
AI2779_v1_c3	G424
AI2779_v1_c4	G425
AI2780_v5_c2	G1
AI2780_v5_c3	G1
AI2780_v5_c4	G1
AI2780_v5_c5	G426
AI2781_v1_c2	G1
AI2781_v1_c3	G1
AI2781_v1_c4	G1
AI2781_v1_c5	G427
AI2781_v1_c6	G428
AI2782_v5_c2	G1
AI2782_v5_c3	G1
AI2782_v5_c4	G1
AI2782_v5_c5	G429
AI2782_v5_c6	G942
AI2784_v1_c2	G1
AI2784_v1_c3	G1
AI2784_v1_c4	G1
AI2784_v1_c5	G430
AI2784_v1_c6	G943
AI2785_v1_c2	G1
AI2785_v1_c3	G1
AI2785_v1_c4	G431
AI2785_v1_c5	G432
AI2785_v1_c6	G433
AI2786_v1_c2	G1
AI2786_v1_c3	G1
AI2786_v1_c4	G1
AI2786_v1_c5	G434
AI2786_v1_c6	G435
AI2787_v1_c10	G436
AI2787_v1_c11	G437
AI2787_v1_c12	G927
AI2787_v1_c13	G973
AI2787_v1_c14	G438
AI2787_v1_c15	G974
AI2787_v1_c16	G439
AI2787_v1_c17	G440
AI2787_v1_c18	G441
AI2787_v1_c2	G1
AI2787_v1_c3	G1
AI2787_v1_c4	G1
AI2787_v1_c5	G1
AI2787_v1_c6	G1
AI2787_v1_c7	G865
AI2787_v1_c8	G1
AI2787_v1_c9	G442
AI2789_v1_c2	G1
AI2789_v1_c3	G1
AI2789_v1_c4	G443
AI2789_v1_c5	G444
AI2790_v1_c2	G1
AI2790_v1_c3	G1
AI2790_v1_c4	G445
AI2790_v1_c5	G446
AI2790_v1_c6	G447
AI2791_v1_c2	G1
AI2791_v1_c3	G1
AI2791_v1_c4	G1
AI2791_v1_c5	G448
AI2792_v1_c2	G1
AI2792_v1_c3	G1
AI2792_v1_c4	G28
AI2792_v1_c5	G1
AI2792_v1_c6	G1
AI2792_v1_c7	G1
AI2792_v1_c8	G449
AI2792_v1_c9	G450
AI2793_v1_c2	G1
AI2793_v1_c3	G975
AI2793_v1_c4	G451
AI2794_v1_c2	G1
AI2794_v1_c3	G1
AI2794_v1_c4	G1
AI2794_v1_c5	G452
AI2794_v1_c6	G453
AI2795_v1_c3	G928
AI2796_v1_c2	G1
AI2796_v1_c3	G1
AI2796_v1_c4	G454
AI2796_v1_c5	G455
AI2796_v1_c6	G456
AI2797_v1_c2	G1
AI2797_v1_c3	G1096
AI2797_v1_c4	G457
AI2797_v1_c5	G458
AI2798_v1_c2	G1
AI2798_v1_c3	G28
AI2798_v1_c4	G459
AI2799_v1_c2	G1
AI2799_v1_c3	G28
AI2799_v1_c4	G1
AI2800_v1_c2	G1
AI2800_v1_c3	G28
AI2800_v1_c4	G1
AI2800_v1_c5	G460
AI2801_v1_c2	G1
AI2801_v1_c3	G15
AI2801_v1_c4	G461
AI2801_v1_c5	G462
AI2802_v1_c2	G1
AI2802_v1_c4	G463
AI2802_v1_c5	G464
AI2803_v1_c2	G1
AI2803_v1_c3	G1
AI2804_v2_c2	G1
AI2804_v2_c3	G1
AI2804_v2_c4	G28
AI2804_v2_c5	G465
AI2805_v1_c2	G1
AI2805_v1_c3	G1
AI2805_v1_c4	G1
AI2805_v1_c5	G1
AI2806_v1_c2	G1
AI2806_v1_c3	G1
AI2806_v1_c4	G1
AI2806_v1_c5	G1
AI2807_v1_c2	G1
AI2808_v1_c2	G1
AI2808_v1_c3	G1
AI2808_v1_c4	G1
AI2808_v1_c5	G1
AI2809_v1_c2	G1
AI2809_v1_c3	G1
AI2809_v1_c4	G1
AI2810_v1_c2	G1
AI2810_v1_c3	G1
AI2810_v1_c4	G1
AI2810_v1_c5	G1
AI2811_v1_c2	G1
AI2811_v1_c3	G1
AI2811_v1_c4	G1
AI2811_v1_c5	G466
AI2811_v1_c6	G467
AI2812_v1_c2	G1
AI2812_v1_c3	G1
AI2812_v1_c4	G1
AI2813_v1_c2	G1
AI2813_v1_c3	G1
AI2813_v1_c4	G1
AI2813_v1_c5	G1
AI2814_v1_c2	G1
AI2814_v1_c3	G1
AI2814_v1_c4	G1
AI2815_v1_c2	G1
AI2815_v1_c3	G1
AI2815_v1_c4	G1
AI2816_v1_c2	G1
AI2816_v1_c3	G1
AI2816_v1_c4	G1
AI2816_v1_c5	G1
AI2817_v1_c2	G1
AI2817_v1_c3	G1
AI2818_v1_c2	G1
AI2818_v1_c3	G1
AI2818_v1_c4	G1
AI2818_v1_c5	G468
AI2819_v5_c2	G1
AI2819_v5_c3	G28
AI2819_v5_c4	G1
AI2819_v5_c5	G1
AI2819_v5_c6	G469
AI2820_v1_c2	G1
AI2820_v1_c3	G28
AI2821_v1_c2	G1
AI2821_v1_c3	G470
AI2822_v1_c2	G1
AI2822_v1_c3	G471
AI2822_v1_c4	G472
AI2823_v5_c2	G1
AI2823_v5_c3	G1
AI2823_v5_c4	G1
AI2824_v5_c2	G1
AI2824_v5_c3	G1
AI2824_v5_c4	G1
AI2825_v1_c2	G1
AI2825_v1_c3	G1
AI2825_v1_c4	G1
AI2826_v1_c2	G1
AI2826_v1_c3	G1
AI2826_v1_c4	G1056
AI2826_v1_c5	G1
AI2826_v1_c6	G473
AI2828_v5_c2	G1
AI2828_v5_c3	G1
AI2828_v5_c4	G1
AI2828_v5_c5	G474
AI2829_v1_c2	G1
AI2829_v1_c3	G1
AI2829_v1_c4	G1
AI2830_v1_c2	G1
AI2830_v1_c3	G1
AI2830_v1_c4	G15
AI2830_v1_c5	G475
AI2830_v1_c6	G476
AI2834_v1_c2	G1
AI2834_v1_c3	G1
AI2834_v1_c4	G1
AI2834_v1_c5	G1067
AI2834_v1_c6	G50
AI2834_v1_c7	G477
AI2834_v1_c8	G478
AI2835_v1_c2	G1
AI2835_v1_c3	G1
AI2836_v1_c2	G1
AI2836_v1_c3	G1
AI2837_v1_c2	G1
AI2837_v1_c3	G1
AI2838_v1_c2	G1
AI2838_v1_c3	G1
AI2838_v1_c4	G1
AI2838_v1_c5	G479
AI2838_v1_c6	G480
AI2839_v1_c2	G1
AI2839_v1_c3	G1
AI2839_v1_c4	G481
AI2839_v1_c5	G482
AI2840_v1_c2	G1
AI2840_v1_c3	G1
AI2840_v1_c4	G1
AI2840_v1_c5	G483
AI2841_v1_c2	G1
AI2841_v1_c3	G1
AI2841_v1_c4	G1
AI2841_v1_c5	G484
AI2842_v1_c2	G1
AI2842_v1_c3	G1
AI2842_v1_c4	G1
AI2842_v1_c5	G50
AI2842_v1_c6	G485
AI2842_v1_c8	G1020
AI2843_v1_c2	G1
AI2843_v1_c3	G1051
AI2844_v1_c2	G1
AI2844_v1_c3	G1
AI2844_v1_c4	G1
AI2846_v1_c10	G486
AI2846_v1_c2	G1
AI2846_v1_c3	G1
AI2846_v1_c4	G1
AI2846_v1_c5	G487
AI2846_v1_c6	G488
AI2846_v1_c7	G489
AI2846_v1_c8	G490
AI2846_v1_c9	G491
AI2847_v1_c2	G1
AI2847_v1_c3	G1
AI2847_v1_c4	G1
AI2847_v1_c5	G492
AI2847_v1_c6	G493
AI2848_v1_c2	G1
AI2848_v1_c3	G1
AI2848_v1_c4	G1
AI2848_v1_c5	G494
AI2848_v1_c6	G495
AI2849_v1_c2	G1
AI2849_v1_c3	G1
AI2849_v1_c4	G15
AI2849_v1_c5	G1
AI2849_v1_c6	G496
AI2849_v1_c7	G497
AI2849_v1_c8	G498
AI2849_v1_c9	G976
AI2850_v1_c2	G1
AI2850_v1_c3	G28
AI2850_v1_c4	G1
AI2850_v1_c5	G1
AI2850_v1_c6	G1
AI2850_v1_c7	G499
AI2851_v1_c2	G1
AI2851_v1_c3	G1
AI2851_v1_c4	G1
AI2851_v1_c5	G500
AI2851_v1_c6	G929
AI2852_v1_c2	G1
AI2852_v1_c3	G1
AI2852_v1_c4	G1
AI2852_v1_c5	G946
AI2852_v1_c6	G501
AI2852_v1_c7	G502
AI2852_v1_c8	G1005
AI2853_v1_c2	G1
AI2853_v1_c3	G1
AI2853_v1_c4	G1
AI2853_v1_c5	G1
AI2853_v1_c6	G501
AI2853_v1_c7	G930
AI2853_v1_c8	G503
AI2854_v1_c2	G1
AI2854_v1_c3	G1
AI2854_v1_c4	G1
AI2854_v1_c5	G504
AI2854_v1_c6	G505
AI2855_v1_c10	G931
AI2855_v1_c11	G506
AI2855_v1_c12	G507
AI2855_v1_c13	G508
AI2855_v1_c14	G509
AI2855_v1_c15	G510
AI2855_v1_c16	G511
AI2855_v1_c17	G512
AI2855_v1_c18	G513
AI2855_v1_c19	G514
AI2855_v1_c2	G1
AI2855_v1_c20	G515
AI2855_v1_c21	G516
AI2855_v1_c22	G977
AI2855_v1_c23	G517
AI2855_v1_c3	G1
AI2855_v1_c4	G1
AI2855_v1_c5	G15
AI2855_v1_c6	G518
AI2855_v1_c7	G519
AI2855_v1_c8	G520
AI2855_v1_c9	G521
AI2856_v1_c2	G1
AI2856_v1_c3	G1
AI2856_v1_c4	G1
AI2856_v1_c5	G15
AI2856_v1_c6	G522
AI2856_v1_c7	G523
AI2856_v1_c8	G932
AI2857_v1_c2	G1
AI2858_v1_c2	G1
AI2858_v1_c3	G1
AI2858_v1_c4	G989
AI2858_v1_c5	G933
AI2858_v1_c6	G990
AI2858_v1_c7	G1098
AI2858_v1_c8	G524
AI2858_v1_c9	G525
AI2859_v1_c2	G1
AI2859_v1_c3	G1
AI2859_v1_c4	G526
AI2859_v1_c5	G527
AI2859_v1_c6	G528
AI2860_v1_c2	G1
AI2860_v1_c3	G1
AI2860_v1_c4	G529
AI2860_v1_c5	G530
AI2861_v1_c2	G1
AI2861_v1_c3	G1
AI2862_v1_c2	G531
AI2863_v1_c2	G1
AI2863_v1_c3	G1
AI2863_v1_c4	G532
AI2865_v1_c2	G1
AI2865_v1_c3	G1
AI2865_v1_c4	G1
AI2865_v1_c5	G533
AI2865_v1_c6	G991
AI2865_v1_c8	G534
AI2866_v1_c2	G1
AI2866_v1_c3	G535
AI2866_v1_c5	G536
AI2867_v1_c2	G1
AI2867_v1_c3	G1
AI2867_v1_c4	G537
AI2867_v1_c5	G538
AI2867_v1_c6	G539
AI2868_v1_c2	G1
AI2868_v1_c3	G1
AI2868_v1_c4	G540
AI2870_v1_c2	G1
AI2870_v1_c3	G1
AI2870_v1_c4	G1
AI2871_v1_c2	G1
AI2871_v1_c3	G1
AI2871_v1_c4	G1
AI2872_v1_c2	G1
AI2873_v1_c2	G1
AI2873_v1_c3	G1
AI2874_v1_c10	G541
AI2874_v1_c2	G1
AI2874_v1_c3	G1
AI2874_v1_c4	G1
AI2874_v1_c5	G542
AI2874_v1_c6	G543
AI2874_v1_c7	G544
AI2874_v1_c8	G545
AI2874_v1_c9	G546
AI2875_v1_c2	G1
AI2875_v1_c3	G1
AI2876_v1_c2	G1
AI2877_v1_c2	G1
AI2878_v1_c2	G1
AI2878_v1_c3	G1
AI2878_v1_c4	G1
AI2879_v1_c2	G1
AI2879_v1_c3	G1
AI2879_v1_c4	G1
AI2879_v1_c5	G547
AI2879_v1_c6	G548
AI2879_v1_c7	G549
AI2879_v1_c8	G550
AI2880_v1_c2	G1
AI2880_v1_c3	G1
AI2880_v1_c4	G551
AI2880_v1_c5	G552
AI2880_v1_c6	G553
AI2880_v1_c7	G554
AI2882_v1_c2	G1
AI2882_v1_c3	G1
AI2882_v1_c4	G555
AI2883_v1_c2	G1
AI2883_v1_c3	G1
AI2883_v1_c4	G556
AI2883_v1_c5	G557
AI2883_v1_c6	G558
AI2883_v1_c7	G559
AI2884_v1_c2	G1
AI2885_v1_c2	G1
AI2885_v1_c3	G1
AI2885_v1_c4	G560
AI2886_v1_c2	G1
AI2886_v1_c3	G1
AI2887_v1_c2	G1
AI2888_v1_c2	G1
AI2888_v1_c3	G1
AI2888_v1_c4	G1
AI2889_v1_c2	G1
AI2889_v1_c3	G1
AI2889_v1_c4	G561
AI2889_v1_c5	G562
AI2889_v1_c6	G563
AI2889_v1_c7	G564
AI2890_v1_c2	G1
AI2890_v1_c3	G1
AI2890_v1_c4	G565
AI2891_v1_c2	G1
AI2891_v1_c3	G1
AI2892_v1_c2	G1
AI2892_v1_c3	G566
AI2892_v1_c4	G1
AI2892_v1_c5	G1
AI2892_v1_c6	G566
AI2892_v1_c7	G567
AI2892_v1_c8	G568
AI2893_v1_c2	G1
AI2893_v1_c3	G1
AI2893_v1_c4	G15
AI2893_v1_c5	G569
AI2893_v1_c6	G570
AI2894_v1_c2	G1
AI2894_v1_c3	G1
AI2894_v1_c4	G944
AI2894_v1_c5	G571
AI2895_v1_c2	G1
AI2895_v1_c3	G1
AI2895_v1_c4	G1
AI2896_v1_c2	G1
AI2896_v1_c3	G1
AI2896_v1_c4	G1
AI2896_v1_c5	G572
AI2897_v1_c2	G1
AI2898_v1_c2	G1
AI2898_v1_c3	G1
AI2898_v1_c4	G1
AI2898_v1_c5	G945
AI2898_v1_c6	G573
AI2898_v1_c7	G574
AI2898_v1_c8	G575
AI2899_v1_c4	G1
AI2899_v1_c7	G576
AI2899_v1_c8	G577
AI2900_v1_c2	G1
AI2900_v1_c3	G1
AI2901_v1_c2	G1
AI2901_v1_c3	G1
AI2901_v1_c4	G1
AI2901_v1_c5	G578
AI2902_v1_c2	G1
AI2902_v1_c3	G1
AI2902_v1_c4	G1
AI2903_v1_c2	G1
AI2903_v1_c3	G579
AI2903_v1_c4	G580
AI2904_v1_c2	G1
AI2904_v1_c3	G1
AI2904_v1_c4	G581
AI2905_v1_c2	G1
AI2905_v1_c3	G1
AI2905_v1_c4	G946
AI2905_v1_c5	G1006
AI2906_v1_c2	G1
AI2906_v1_c3	G582
AI2907_v1_c2	G1
AI2907_v1_c3	G1
AI2908_v1_c10	G583
AI2908_v1_c11	G584
AI2908_v1_c2	G1
AI2908_v1_c3	G1
AI2908_v1_c4	G1
AI2908_v1_c5	G585
AI2908_v1_c6	G586
AI2908_v1_c7	G587
AI2908_v1_c8	G588
AI2908_v1_c9	G934
AI2909_v1_c2	G1
AI2909_v1_c3	G1
AI2909_v1_c4	G1
AI2910_v1_c2	G1
AI2910_v1_c3	G1
AI2911_v1_c3	G1
AI2911_v1_c4	G1
AI2911_v1_c5	G1068
AI2911_v1_c6	G589
AI2911_v1_c7	G590
AI2911_v1_c8	G591
AI2912_v1_c2	G1
AI2912_v1_c3	G592
AI2913_v1_c2	G1
AI2913_v1_c3	G1
AI2914_v1_c2	G1
AI2914_v1_c3	G1
AI2914_v1_c4	G1
AI2914_v1_c5	G593
AI2914_v1_c6	G594
AI2914_v1_c7	G595
AI2914_v1_c8	G596
AI2915_v1_c2	G1
AI2915_v1_c3	G1
AI2915_v1_c4	G597
AI2915_v1_c5	G598
AI2916_v1_c11	G599
AI2916_v1_c5	G1
AI2916_v1_c6	G1
AI2916_v1_c7	G1069
AI2916_v1_c8	G600
AI2916_v1_c9	G1099
AI2917_v1_c2	G1
AI2917_v1_c3	G601
AI2918_v1_c2	G1
AI2918_v1_c3	G28
AI2918_v1_c4	G1
AI2918_v1_c5	G1
AI2918_v1_c6	G602
AI2918_v1_c7	G603
AI2919_v1_c10	G604
AI2919_v1_c11	G605
AI2919_v1_c2	G1
AI2919_v1_c3	G1
AI2919_v1_c4	G1
AI2919_v1_c5	G606
AI2919_v1_c6	G607
AI2919_v1_c7	G608
AI2919_v1_c8	G609
AI2919_v1_c9	G610
AI2920_v1_c2	G1
AI2920_v1_c3	G611
AI2921_v1_c2	G1
AI2921_v1_c3	G1
AI2921_v1_c4	G17
AI2921_v1_c5	G612
AI2922_v1_c2	G1
AI2922_v1_c3	G1
AI2922_v1_c4	G1
AI2923_v1_c2	G1
AI2923_v1_c3	G1
AI2923_v1_c4	G613
AI2924_v1_c2	G1
AI2924_v1_c3	G1
AI2924_v1_c4	G614
AI2924_v1_c5	G615
AI2925_v1_c2	G1
AI2925_v1_c3	G28
AI2925_v1_c4	G1
AI2925_v1_c5	G616
AI2926_v1_c2	G1
AI2927_v1_c2	G1
AI2927_v1_c3	G1
AI2927_v1_c4	G617
AI2927_v1_c5	G618
AI2928_v1_c2	G1
AI2928_v1_c3	G619
AI2928_v1_c5	G620
AI2928_v1_c6	G935
AI2929_v1_c2	G1
AI2929_v1_c3	G1
AI2929_v1_c4	G1
AI2929_v1_c5	G621
AI2930_v1_c2	G1
AI2930_v1_c3	G1
AI2930_v1_c4	G1
AI2930_v1_c5	G427
AI2931_v1_c2	G1
AI2931_v1_c3	G1
AI2931_v1_c4	G622
AI2932_v1_c2	G1
AI2932_v1_c3	G28
AI2932_v1_c4	G1
AI2932_v1_c6	G623
AI2932_v1_c8	G624
AI2932_v1_c9	G1079
AI2934_v1_c10	G625
AI2934_v1_c11	G626
AI2934_v1_c12	G627
AI2934_v1_c2	G1
AI2934_v1_c3	G1
AI2934_v1_c4	G1
AI2934_v1_c5	G1
AI2934_v1_c6	G628
AI2934_v1_c7	G629
AI2934_v1_c8	G630
AI2934_v1_c9	G631
AI2935_v1_c2	G1
AI2935_v1_c3	G632
AI2935_v1_c4	G1
AI2935_v1_c5	G1
AI2936_v1_c2	G1
AI2936_v1_c3	G633
AI2937_v1_c2	G1
AI2937_v1_c3	G1
AI2939_v1_c2	G1
AI2939_v1_c3	G1
AI2939_v1_c4	G634
AI2939_v1_c5	G635
AI2940_v1_c2	G1
AI2941_v1_c2	G1080
AI2941_v1_c3	G1
AI2941_v1_c4	G1
AI2941_v1_c5	G636
AI2941_v1_c6	G637
AI2941_v1_c7	G638
AI2941_v1_c8	G639
AI2941_v1_c9	G640
AI2942_v1_c10	G641
AI2942_v1_c12	G642
AI2942_v1_c2	G1
AI2942_v1_c3	G1
AI2942_v1_c4	G1
AI2942_v1_c6	G1
AI2942_v1_c7	G643
AI2942_v1_c8	G644
AI2942_v1_c9	G645
AI2943_v1_c2	G1
AI2943_v1_c3	G1
AI2943_v1_c4	G1
AI2943_v1_c5	G1
AI2943_v1_c6	G1
AI2943_v1_c7	G1
AI2943_v1_c8	G646
AI2943_v1_c9	G647
AI2945_v1_c2	G1
AI2945_v1_c3	G648
AI2946_v1_c2	G1
AI2946_v1_c3	G649
AI2949_v1_c2	G1
AI2949_v1_c3	G650
AI2950_v1_c2	G1
AI2950_v1_c3	G1
AI2950_v1_c4	G651
AI2950_v1_c5	G652
AI2951_v1_c2	G1
AI2951_v1_c3	G1
AI2951_v1_c4	G1
AI2951_v1_c5	G946
AI2951_v1_c6	G653
AI2951_v1_c7	G654
AI2952_v1_c2	G1
AI2952_v1_c3	G1
AI2952_v1_c4	G655
AI2953_v1_c2	G1
AI2953_v1_c3	G1
AI2953_v1_c4	G1
AI2953_v1_c5	G656
AI2953_v1_c6	G657
AI2954_v5_c2	G1
AI2954_v5_c3	G1
AI2957_v1_c10	G658
AI2957_v1_c2	G1
AI2957_v1_c3	G1
AI2957_v1_c4	G659
AI2957_v1_c5	G1052
AI2957_v1_c6	G660
AI2957_v1_c7	G661
AI2957_v1_c8	G662
AI2957_v1_c9	G663
AI2958_v1_c2	G1
AI2959_v1_c10	G664
AI2959_v1_c2	G1
AI2959_v1_c3	G1
AI2959_v1_c4	G1
AI2959_v1_c5	G1
AI2959_v1_c6	G665
AI2959_v1_c7	G666
AI2959_v1_c8	G667
AI2959_v1_c9	G1021
AI2960_v1_c10	G668
AI2960_v1_c2	G1
AI2960_v1_c3	G1
AI2960_v1_c4	G1
AI2960_v1_c5	G669
AI2960_v1_c6	G670
AI2960_v1_c7	G671
AI2960_v1_c8	G672
AI2960_v1_c9	G673
AI2961_v1_c10	G674
AI2961_v1_c11	G675
AI2961_v1_c12	G676
AI2961_v1_c2	G1
AI2961_v1_c3	G1
AI2961_v1_c4	G1
AI2961_v1_c5	G1022
AI2961_v1_c6	G677
AI2961_v1_c7	G678
AI2961_v1_c8	G679
AI2961_v1_c9	G1039
AI2962_v1_c10	G680
AI2962_v1_c2	G1
AI2962_v1_c3	G1
AI2962_v1_c4	G1
AI2962_v1_c5	G681
AI2962_v1_c6	G682
AI2962_v1_c7	G683
AI2962_v1_c8	G684
AI2962_v1_c9	G685
AI2963_v1_c10	G1070
AI2963_v1_c11	G1074
AI2963_v1_c12	G686
AI2963_v1_c13	G992
AI2963_v1_c2	G1
AI2963_v1_c3	G1
AI2963_v1_c4	G1023
AI2963_v1_c5	G687
AI2963_v1_c6	G688
AI2963_v1_c7	G689
AI2963_v1_c8	G936
AI2963_v1_c9	G690
AI2964_v1_c2	G1
AI2964_v1_c3	G1075
AI2964_v1_c4	G691
AI2964_v1_c5	G692
AI2965_v1_c10	G693
AI2965_v1_c2	G1
AI2965_v1_c3	G1
AI2965_v1_c4	G1
AI2965_v1_c5	G694
AI2965_v1_c6	G695
AI2965_v1_c7	G696
AI2965_v1_c8	G697
AI2965_v1_c9	G698
AI2966_v1_c10	G699
AI2966_v1_c11	G700
AI2966_v1_c2	G1
AI2966_v1_c3	G1
AI2966_v1_c4	G1
AI2966_v1_c5	G701
AI2966_v1_c6	G702
AI2966_v1_c7	G703
AI2966_v1_c8	G704
AI2966_v1_c9	G705
AI2967_v1_c2	G1
AI2967_v1_c3	G1
AI2967_v1_c4	G706
AI2968_v1_c10	G707
AI2968_v1_c11	G708
AI2968_v1_c3	G1
AI2968_v1_c4	G1
AI2968_v1_c5	G1
AI2968_v1_c6	G709
AI2968_v1_c7	G710
AI2968_v1_c8	G711
AI2968_v1_c9	G937
AI2969_v1_c10	G712
AI2969_v1_c11	G713
AI2969_v1_c13	G1071
AI2969_v1_c2	G1
AI2969_v1_c3	G1
AI2969_v1_c4	G1
AI2969_v1_c5	G714
AI2969_v1_c6	G715
AI2969_v1_c7	G716
AI2969_v1_c8	G1076
AI2969_v1_c9	G717
AI2970_v1_c2	G1
AI2970_v1_c3	G1
AI2970_v1_c4	G1
AI2970_v1_c5	G718
AI2970_v1_c6	G719
AI2970_v1_c7	G720
AI2970_v1_c8	G721
AI2970_v1_c9	G722
AI2971_v1_c2	G1
AI2971_v1_c3	G1
AI2972_v1_c2	G1
AI2972_v1_c3	G1
AI2972_v1_c4	G723
AI2972_v1_c5	G724
AI2973_v2_c2	G1
AI2973_v2_c3	G1
AI2974_v1_c10	G725
AI2974_v1_c2	G1
AI2974_v1_c3	G1
AI2974_v1_c4	G1
AI2974_v1_c5	G726
AI2974_v1_c6	G727
AI2974_v1_c7	G728
AI2974_v1_c8	G947
AI2974_v1_c9	G729
AI2975_v1_c2	G1
AI2975_v1_c3	G1
AI2975_v1_c4	G730
AI2975_v1_c5	G731
AI2975_v1_c6	G732
AI2975_v1_c7	G733
AI2975_v1_c8	G734
AI2975_v1_c9	G735
AI2976_v1_c10	G938
AI2976_v1_c2	G1
AI2976_v1_c3	G1
AI2976_v1_c4	G1
AI2976_v1_c5	G736
AI2976_v1_c6	G737
AI2976_v1_c7	G738
AI2976_v1_c8	G739
AI2976_v1_c9	G740
AI2977_v1_c2	G1
AI2977_v1_c3	G1
AI2978_v1_c10	G939
AI2978_v1_c2	G1
AI2978_v1_c3	G1
AI2978_v1_c4	G1007
AI2978_v1_c5	G741
AI2978_v1_c6	G742
AI2978_v1_c7	G743
AI2978_v1_c8	G744
AI2978_v1_c9	G745
AI2979_v1_c2	G1
AI2979_v1_c3	G1
AI2979_v1_c4	G1
AI2979_v1_c5	G1
AI2980_v2_c2	G1
AI2980_v2_c3	G1
AI2980_v2_c4	G1
AI2981_v1_c2	G1
AI2981_v1_c3	G1
AI2981_v1_c4	G1
AI2981_v1_c5	G1
AI2981_v1_c7	G1097
AI2982_v1_c2	G1
AI2982_v1_c3	G1
AI2983_v1_c2	G1
AI2983_v1_c3	G746
AI2984_v2_c2	G1
AI2984_v2_c3	G1
AI2984_v2_c4	G747
AI2984_v2_c5	G748
AI2984_v2_c6	G749
AI2985_v1_c2	G1
AI2985_v1_c3	G1
AI2985_v1_c4	G1
AI2985_v1_c5	G1
AI2989_v1_c2	G1
AI2989_v1_c3	G1
AI2989_v1_c4	G1
AI2991_v1_c10	G750
AI2991_v1_c11	G1024
AI2991_v1_c13	G751
AI2991_v1_c14	G752
AI2991_v1_c3	G1
AI2991_v1_c4	G1
AI2991_v1_c7	G1025
AI2991_v1_c8	G753
AI2991_v1_c9	G754
AI2992_v5_c2	G1
AI2992_v5_c3	G755
AI2992_v5_c4	G756
AI2992_v5_c5	G757
AI2993_v1_c2	G1
AI2993_v1_c3	G1
AI2993_v1_c4	G1
AI2993_v1_c5	G15
AI2993_v1_c6	G758
AI2993_v1_c7	G759
AI2993_v1_c8	G760
AI2994_v1_c2	G1
AI2994_v1_c3	G1
AI2994_v1_c5	G761
AI2996_v1_c2	G1
AI2996_v1_c3	G1
AI2996_v1_c4	G1
AI2996_v1_c5	G15
AI2996_v1_c6	G762
AI2996_v1_c7	G763
AI2996_v1_c8	G764
AI2996_v1_c9	G1053
AI2998_v1_c2	G1
AI2998_v1_c3	G1
AI2998_v1_c4	G1
AI2998_v1_c5	G15
AI2998_v1_c6	G765
AI2998_v1_c7	G766
AI2998_v1_c8	G767
AI2998_v1_c9	G948
AI2999_v1_c2	G1
AI2999_v1_c3	G1
AI3000_v1_c2	G1
AI3000_v1_c3	G1
AI3000_v1_c4	G1
AI3000_v1_c5	G15
AI3000_v1_c6	G768
AI3000_v1_c7	G769
AI3000_v1_c8	G770
AI3000_v1_c9	G1008
AI3001_v1_c2	G1
AI3001_v1_c3	G1
AI3001_v1_c4	G1
AI3001_v1_c5	G771
AI3001_v1_c6	G772
AI3002_v1_c10	G773
AI3002_v1_c11	G774
AI3002_v1_c12	G775
AI3002_v1_c13	G776
AI3002_v1_c14	G777
AI3002_v1_c15	G778
AI3002_v1_c16	G779
AI3002_v1_c17	G780
AI3002_v1_c18	G781
AI3002_v1_c19	G782
AI3002_v1_c2	G1
AI3002_v1_c20	G783
AI3002_v1_c21	G784
AI3002_v1_c22	G785
AI3002_v1_c23	G786
AI3002_v1_c24	G787
AI3002_v1_c25	G788
AI3002_v1_c26	G789
AI3002_v1_c3	G1
AI3002_v1_c4	G1
AI3002_v1_c5	G790
AI3002_v1_c6	G791
AI3002_v1_c7	G792
AI3002_v1_c8	G793
AI3002_v1_c9	G794
AI3003_v1_c2	G1
AI3003_v1_c3	G1
AI3003_v1_c4	G1
AI3003_v1_c5	G795
AI3003_v1_c6	G796
AI3004_v1_c2	G1
AI3004_v1_c3	G1
AI3004_v1_c4	G1
AI3004_v1_c5	G797
AI3004_v1_c6	G798
AI3006_v1_c2	G1
AI3006_v1_c3	G1
AI3006_v1_c4	G799
AI3006_v1_c5	G800
AI3007_v1_c2	G1
AI3007_v1_c3	G1
AI3007_v1_c4	G993
AI3007_v1_c5	G801
AI3007_v1_c6	G802
AI3008_v1_c10	G803
AI3008_v1_c11	G1040
AI3008_v1_c12	G1046
AI3008_v1_c13	G1054
AI3008_v1_c2	G1
AI3008_v1_c3	G1
AI3008_v1_c4	G1
AI3008_v1_c5	G1
AI3008_v1_c7	G949
AI3008_v1_c8	G804
AI3008_v1_c9	G805
AI3009_v1_c2	G1
AI3009_v1_c3	G1
AI3009_v1_c4	G1
AI3009_v1_c5	G806
AI3010_v1_c2	G1
AI3010_v1_c3	G1
AI3010_v1_c4	G807
AI3011_v1_c2	G1
AI3011_v1_c3	G1
AI3011_v1_c4	G808
AI3011_v1_c5	G809
AI3011_v1_c6	G810
AI3012_v1_c3	G1
AI3012_v1_c5	G811
AI3012_v1_c6	G812
AI3013_v2_c2	G1
AI3013_v2_c3	G1
AI3013_v2_c4	G1
AI3013_v2_c5	G813
AI3013_v2_c6	G814
AI3018_v1_c2	G1
AI3018_v1_c3	G1009
AI3018_v1_c4	G1
AI3018_v1_c5	G1
AI3018_v1_c6	G1
AI3018_v1_c7	G15
AI3018_v1_c8	G1026
AI3021_v1_c2	G1
AI3021_v1_c3	G1
AI3021_v1_c4	G15
AI3021_v1_c5	G1
AI3021_v1_c6	G815
AI3023_v5_c2	G1
AI3024_v1_c2	G1
AI3024_v1_c3	G1
AI3024_v1_c4	G1
AI3024_v1_c5	G816
AI3025_v1_c2	G1
AI3025_v1_c3	G1
AI3025_v1_c4	G28
AI3025_v1_c5	G1
AI3025_v1_c6	G817
AI3025_v1_c7	G1041
AI3025_v1_c8	G818
AI3027_v1_c2	G1
AI3027_v1_c3	G1
AI3027_v1_c4	G1
AI3027_v1_c5	G819
AI3027_v1_c6	G820
AI3027_v1_c7	G821
AI3028_v1_c2	G1
AI3028_v1_c3	G1
AI3028_v1_c4	G822
AI3030_v1_c2	G1
AI3030_v1_c3	G1
AI3031_v1_c2	G1
AI3031_v1_c3	G1
AI3031_v1_c5	G823
AI3031_v1_c6	G824
AI3034_v1_c2	G1
AI3034_v1_c3	G1
AI3035_v5_c2	G1
AI3035_v5_c3	G1
AI3035_v5_c4	G1
AI3035_v5_c5	G825
AI3035_v5_c6	G1010
AI3036_v1_c2	G1
AI3036_v1_c3	G1
AI3036_v1_c4	G1
AI3036_v1_c5	G826
AI3036_v1_c6	G827
AI3037_v1_c2	G1
AI3037_v1_c3	G1
AI3037_v1_c4	G828
AI3037_v1_c5	G829
AI3038_v1_c2	G1
AI3038_v1_c4	G830
AI3038_v1_c5	G831
AI3039_v1_c10	G832
AI3039_v1_c2	G1
AI3039_v1_c3	G1
AI3039_v1_c4	G1
AI3039_v1_c5	G833
AI3039_v1_c6	G834
AI3039_v1_c7	G835
AI3039_v1_c8	G836
AI3039_v1_c9	G837
AI3040_v1_c2	G1
AI3040_v1_c3	G1
AI3040_v1_c4	G1
AI3040_v1_c5	G838
AI3040_v1_c6	G839
AI3040_v1_c7	G950
AI3040_v1_c8	G840
AI3040_v1_c9	G841
AI3041_v1_c2	G1
AI3041_v1_c3	G842
AI3041_v1_c4	G843
AI3041_v1_c5	G844
AI3041_v1_c6	G845
AI3041_v1_c7	G846
AI3041_v1_c8	G1011
AI3042_v1_c2	G1
AI3042_v1_c3	G1
AI3042_v1_c4	G1
AI3043_v5_c2	G1
AI3043_v5_c3	G1
AI3043_v5_c4	G1
AI3044_v1_c2	G1
AI3044_v1_c3	G1
AI3044_v1_c4	G15
AI3044_v1_c5	G1
AI3044_v1_c6	G847
AI3044_v1_c7	G848
AI3045_v2_c2	G1
AI3045_v2_c3	G1
AI3045_v2_c4	G1
AI3045_v2_c5	G849
AI3046_v2_c2	G1
AI3046_v2_c3	G1
AI3046_v2_c4	G1
AI3046_v2_c5	G1
AI3047_v1_c2	G1
AI3047_v1_c3	G1
AI3047_v1_c4	G1
AI3048_v1_c2	G972
AI3048_v1_c3	G1
AI3048_v1_c4	G1
AI3049_v1_c2	G1
AI3049_v1_c3	G1
AI3049_v1_c4	G15
AI3049_v1_c5	G1
AI3049_v1_c6	G850
AI3049_v1_c7	G851
AI3050_v1_c2	G1
AI3050_v1_c3	G1
AI3050_v1_c4	G852
AI3050_v1_c5	G853
AI3051_v1_c2	G1
AI3051_v1_c3	G1
AI3051_v1_c4	G1
AI3052_v1_c2	G1
AI3052_v1_c3	G1
AI3052_v1_c4	G1
AI3053_v1_c2	G1
AI3053_v1_c3	G1
AI3053_v1_c4	G1
AI3054_v1_c2	G1
AI3054_v1_c3	G1
AI3054_v1_c4	G1
AI3055_v1_c2	G1
AI3055_v1_c4	G1
AI3056_v1_c2	G1
AI3056_v1_c3	G1
AI3056_v1_c4	G1
AI3057_v1_c2	G1
AI3057_v1_c3	G1
AI3057_v1_c4	G1012
AI3057_v1_c5	G854
AI3057_v1_c6	G855
AI3057_v1_c7	G856
AI3057_v1_c8	G857
AI3058_v1_c10	G1
AI3058_v1_c11	G951
AI3058_v1_c13	G1043
AI3058_v1_c14	G952
AI3058_v1_c15	G1027
AI3058_v1_c16	G1081
AI3058_v1_c17	G858
AI3058_v1_c2	G865
AI3058_v1_c20	G1082
AI3058_v1_c21	G859
AI3058_v1_c22	G1013
AI3058_v1_c23	G860
AI3058_v1_c24	G994
AI3058_v1_c27	G861
AI3058_v1_c28	G862
AI3058_v1_c3	G1
AI3058_v1_c31	G953
AI3058_v1_c32	G863
AI3058_v1_c33	G864
AI3058_v1_c4	G185
AI3058_v1_c5	G865
AI3058_v1_c6	G1
AI3058_v1_c7	G1
AI3058_v1_c8	G956
AI3058_v1_c9	G50
AI3059_v2_c2	G1
AI3059_v2_c3	G1
AI3059_v2_c4	G632
AI3059_v2_c5	G1
AI3059_v2_c6	G50
AI3059_v2_c7	G1
AI3059_v2_c8	G866
AI3060_v5_c2	G1
AI3060_v5_c3	G1
AI3060_v5_c4	G1
AI3060_v5_c5	G1
AI3062_v1_c2	G1
AI3062_v1_c3	G1
AI3063_v1_c2	G1
AI3063_v1_c3	G1
AI3064_v2_c2	G1
AI3064_v2_c3	G1
AI3064_v2_c4	G867
AI3065_v1_c2	G1
AI3065_v1_c3	G1
AI3065_v1_c4	G15
AI3065_v1_c5	G1
AI3065_v1_c6	G868
AI3065_v1_c7	G869
AI3065_v1_c8	G870
AI3067_v1_c12	G871
AI3067_v1_c14	G1087
AI3067_v1_c15	G996
AI3067_v1_c21	G971
AI3067_v1_c22	G954
AI3067_v1_c25	G872
AI3067_v1_c26	G873
AI3067_v1_c3	G1
AI3067_v1_c4	G1
AI3067_v1_c5	G28
AI3067_v1_c7	G1
AI3067_v1_c9	G874
AI3069_v1_c2	G1
AI3069_v1_c3	G1
AI3069_v1_c5	G1
AI3069_v1_c6	G875
AI3070_v1_c2	G1
AI3070_v1_c3	G1
AI3071_v1_c2	G1
AN2335_v1_c11	G955
AN2335_v1_c13	G1014
AN2335_v1_c14	G876
AN2335_v1_c15	G1015
AN2335_v1_c18	G877
AN2335_v1_c3	G1
AN2335_v1_c4	G972
AN2335_v1_c5	G878
AN2335_v1_c7	G956
AN2335_v1_c8	G1
AN2336_v5_c13	G1016
AN2336_v5_c14	G879
AN2336_v5_c16	G880
AN2336_v5_c17	G1028
AN2336_v5_c19	G1044
AN2336_v5_c3	G1
AN2336_v5_c4	G1
AN2336_v5_c5	G1029
AN2336_v5_c8	G881
AN2336_v5_c9	G882
AN2337_v1_c2	G1
AN2337_v1_c3	G1
AN2337_v1_c4	G1
AN2337_v1_c5	G883
AN2338_v1_c2	G1
AN2338_v1_c3	G1
AN2339_v1_c2	G1
AN2339_v1_c3	G1
AN2339_v1_c4	G1083
AN2340_v1_c2	G1
AN2340_v1_c3	G1
AN2340_v1_c4	G884
AN2341_v1_c10	G1
AN2341_v1_c12	G1
AN2341_v1_c15	G1
AN2341_v1_c16	G1
AN2341_v1_c17	G885
AN2341_v1_c18	G957
AN2341_v1_c19	G886
AN2341_v1_c20	G887
AN2341_v1_c21	G888
AN2341_v1_c22	G889
AN2341_v1_c23	G890
AN2341_v1_c24	G891
AN2341_v1_c25	G1084
AN2341_v1_c26	G892
AN2341_v1_c28	G1017
AN2341_v1_c29	G1031
AN2341_v1_c3	G566
AN2341_v1_c30	G1055
AN2341_v1_c31	G893
AN2341_v1_c33	G958
AN2341_v1_c36	G894
AN2341_v1_c37	G895
AN2341_v1_c38	G896
AN2341_v1_c39	G897
AN2341_v1_c4	G1
AN2341_v1_c40	G898
AN2341_v1_c41	G899
AN2341_v1_c42	G1030
AN2341_v1_c43	G1088
AN2341_v1_c44	G997
AN2341_v1_c45	G900
AN2341_v1_c46	G1085
AN2341_v1_c48	G901
AN2341_v1_c49	G902
AN2341_v1_c5	G185
AN2341_v1_c50	G903
AN2341_v1_c51	G904
AN2341_v1_c52	G905
AN2341_v1_c53	G906
AN2341_v1_c6	G1
AN2341_v1_c7	G1
AN2341_v1_c8	G956
AN2341_v1_c9	G1
AN2342_v1_c2	G1
AN2342_v1_c3	G1
AN2342_v1_c4	G1
AN2342_v1_c5	G15
AN2342_v1_c6	G907
AN2343_v1_c2	G1
AN2343_v1_c3	G1
AN2343_v1_c4	G1
AN2344_v1_c2	G1
AN2344_v1_c3	G1
AN2344_v1_c4	G1
AN2344_v1_c5	G1
AN2345_v1_c2	G1
AN2345_v1_c3	G1
AN2345_v1_c4	G1
AN2345_v1_c5	G1
AN2345_v1_c6	G1
AN2345_v1_c7	G1
AN2345_v1_c8	G959
AN2345_v1_c9	G960
AN2346_v1_c2	G1
AN2346_v1_c3	G1
AN2347_v1_c2	G1
AN2349_v1_c2	G1
AN2349_v1_c3	G1
AN2349_v1_c4	G961
AN2350_v1_c2	G1
AN2350_v1_c3	G1
AN2350_v1_c4	G15
AN2350_v1_c5	G1
AN2351_v1_c2	G1
AN2351_v1_c3	G1
AN2352_v1_c2	G1
AN2352_v1_c3	G1
AN2352_v1_c4	G1
AN2352_v1_c5	G15
AN2352_v1_c6	G962
AN2352_v1_c7	G963
AN2353_v1_c2	G1
AN2353_v1_c3	G17
AN2354_v1_c2	G1
AN2355_v1_c2	G1
AN2355_v1_c3	G1
AN2355_v1_c4	G964
AN2355_v1_c5	G965
AN2355_v1_c6	G966
AN2356_v1_c2	G1
AN2356_v1_c3	G1
AN2357_v1_c2	G1
AN2357_v1_c3	G1
AN2358_v1_c10	G951
AN2358_v1_c11	G1
AN2358_v1_c12	G1086
AN2358_v1_c4	G1
AN2358_v1_c5	G185
AN2358_v1_c6	G1
AN2358_v1_c7	G956
AN2358_v1_c8	G1
AN2358_v1_c9	G1
AN2360_v1_c2	G1
AN2360_v1_c3	G1
AN2360_v1_c4	G967
AN2361_v1_c2	G1
AN2361_v1_c3	G1
AN2361_v1_c4	G1
AN2361_v1_c5	G1
AN2362_v1_c2	G1
AN2362_v1_c3	G1
AN2362_v1_c4	G1045
AN2363_v1_c2	G1
AN2363_v1_c3	G968
AN2364_v1_c2	G1
AN2364_v1_c3	G1
AN2364_v1_c4	G1
AN2364_v1_c5	G969
AN2364_v1_c6	G970
Query genome	G908
